{"cameraMode":{"drawMode":0,"name":"Shaded","section":"Shading Mode"},"sceneLighting":true,"audioPlay":false,"sceneViewState":{"showFog":true,"showMaterialUpdate":false,"showSkybox":true,"showFlares":true,"showImageEffects":true,"showParticleSystems":true},"in2DMode":false,"pivot":{"x":156.79623413085938,"y":-13.53451156616211,"z":20.555648803710939},"rotation":{"x":0.059883344918489459,"y":-0.05178159847855568,"z":0.003110686084255576,"w":0.996856689453125},"size":161.58865356445313,"orthographic":false}