{"cameraMode":{"drawMode":0,"name":"Shaded","section":"Shading Mode"},"sceneLighting":true,"audioPlay":false,"sceneViewState":{"showFog":true,"showMaterialUpdate":false,"showSkybox":true,"showFlares":true,"showImageEffects":true,"showParticleSystems":true},"in2DMode":false,"pivot":{"x":-0.2198241949081421,"y":2.748617649078369,"z":-9.181843757629395},"rotation":{"x":0.0913706123828888,"y":0.005974880885332823,"z":-0.0005482217529788613,"w":0.9957995414733887},"size":1.100968837738037,"orthographic":false}